{
  "public": true,
  "github": {
    "silent": true
  },
  "cleanUrls": true,
  "trailingSlash": false,
  "redirects": [
    {
      "source": "/home",
      "destination": "/"
    },
    {
      "source": "/accueil",
      "destination": "/"
    }
  ],
  "headers": [
    {
      "source": "/(.*)",
      "headers": [
        {
          "key": "X-Content-Type-Options",
          "value": "nosniff"
        },
        {
          "key": "X-Frame-Options",
          "value": "DENY"
        },
        {
          "key": "X-XSS-Protection",
          "value": "1; mode=block"
        }
      ]
    },
    {
      "source": "/static/(.*)",
      "headers": [
        {
          "key": "Cache-Control",
          "value": "public, max-age=31536000, immutable"
        }
      ]
    }
  ]
} 